application_id,family_id,applicant_name,age,gender,state,district,village,tribe,community_category,years_in_forest_area,caste_certificate,aadhaar_id,land_area_requested_acres,land_type,claim_type,document_authenticity_score,eligibility_confidence_score,fraud_risk_score,has_previous_claim,application_date,application_status,gram_sabha_date
FRA-2025-000001,FAM-BAF70DFC,Mahesh Singh,40,Male,Madhya Pradesh,Rayagada,Sitapurpada97,Gond,OTFD,119,False,2914-3575-9655,0.61,Agricultural,Individual Forest Right,0.802,0.513,0.08,False,2025-07-08,Pending - Gram Sabha,2025-08-06
FRA-2025-000002,FAM-3F8348D2,Suresh Prasad,69,Male,Tripura,Kandhamal,Sitapurnagar86,Santhal,ST,14,True,8970-4540-3969,1.83,Community Forest Resource,Community Forest Right,0.841,0.904,0.292,False,2025-02-18,Under Review,2025-03-14
FRA-2025-000005,FAM-CA76EB7C,Geeta Singh,29,Female,Madhya Pradesh,Dantewada,Sundarpurgaon77,Oraon,OTFD,89,False,2672-2340-2295,1.0,Habitation,Individual Forest Right,0.825,0.631,0.234,False,2025-06-08,Under Review,2025-06-27
FRA-2025-000008,FAM-D35E6521,Rakesh Sharma,58,Male,Odisha,Dantewada,Haridaspurnagar25,Warli,ST,2,True,4523-8346-7406,1.34,Habitation,Other Traditional Rights,0.979,0.543,0.194,True,2025-09-25,Rejected - Multiple Claims,2025-10-14
FRA-2025-000010,FAM-67356318,Rakesh Sharma,60,Male,Madhya Pradesh,Dantewada,Rampurnagar140,Kondh,ST,5,True,9595-1433-1668,3.67,Community Forest Resource,Individual Forest Right,0.695,0.834,0.086,False,2025-08-08,Pending - Gram Sabha,2025-09-17
FRA-2025-000014,FAM-882B91D4,Rakesh Sharma,59,Male,Odisha,Ranchi,Narsinghpurpalli42,Kondh,ST,4,True,5268-1161-8084,1.05,Water Bodies,Individual Forest Right,0.674,0.798,0.27,False,2025-04-19,Approved,2025-05-23
FRA-2025-000021,FAM-BB7DB240,Raman Kumar,67,Male,Madhya Pradesh,Bastar,Sundarpurgaon87,Ho,OTFD,80,False,5282-1769-5809,1.9,Water Bodies,Individual Forest Right,0.611,0.939,0.104,False,2025-01-04,Under Review,2025-02-07
FRA-2025-000024,FAM-48605CDE,Mahesh Singh,43,Male,Madhya Pradesh,Bastar,Lakshmipurpalli101,Oraon,ST,30,True,5265-2313-6037,2.29,Habitation,Individual Forest Right,0.714,0.832,0.248,True,2025-04-22,Rejected - Multiple Claims,2025-05-16
FRA-2025-000025,FAM-6903EACA,Suresh Prasad,26,Male,Odisha,Rayagada,Nandigramgaon25,Gond,ST,30,True,1317-6874-2510,2.23,Habitation,Individual Forest Right,0.875,0.946,0.344,False,2025-04-06,Under Review,2025-05-16
FRA-2025-000026,FAM-E5E5155E,Sunita Devi,60,Female,Madhya Pradesh,Khunti,Haridaspurpalli65,Warli,OTFD,84,False,6673-8293-9025,3.83,Grazing,Individual Forest Right,0.888,0.752,0.332,False,2025-08-15,Approved,2025-09-07
FRA-2025-000027,FAM-1EB917DA,Rita Gupta,56,Female,Madhya Pradesh,Kandhamal,Rajpurtola106,Gond,OTFD,94,False,1686-2359-8817,1.62,Water Bodies,Individual Forest Right,0.66,0.692,0.061,False,2025-07-11,Under Review,2025-08-12
FRA-2025-000028,FAM-3B877626,Suresh Prasad,51,Male,Tripura,Khunti,Narsinghpurbasti129,Kondh,ST,49,True,3815-8912-2378,3.8,Community Forest Resource,Community Forest Right,0.941,0.977,0.168,False,2025-04-16,Pending - Gram Sabha,2025-05-08
FRA-2025-000031,FAM-F131CB7B,Raman Kumar,26,Male,Madhya Pradesh,Rayagada,Bhagwanpurtola82,Santhal,ST,16,True,2823-2367-9027,2.47,Habitation,Individual Forest Right,0.702,0.684,0.242,False,2025-02-25,Pending - Gram Sabha,2025-04-07
FRA-2025-000032,FAM-EF08B0A4,Sunita Devi,62,Female,Odisha,Kandhamal,Lakshmipurnagar140,Bhil,ST,26,True,6772-1669-5412,0.86,Community Forest Resource,Other Traditional Rights,0.84,0.561,0.394,False,2025-09-14,Under Review,2025-10-20
FRA-2025-000033,FAM-895D9867,Sunita Devi,51,Female,Telangana,Koraput,Devgaontola62,Oraon,ST,41,True,8060-6749-3252,1.12,Water Bodies,Other Traditional Rights,0.708,0.904,0.215,False,2025-05-11,Under Review,2025-06-22
FRA-2025-000034,FAM-6A6ECF46,Mahesh Singh,53,Male,Madhya Pradesh,Khunti,Rajpurpada149,Bhil,ST,22,True,3341-7537-9013,1.14,Habitation,Individual Forest Right,0.703,0.64,0.238,False,2025-01-17,Pending - Gram Sabha,2025-03-03
FRA-2025-000035,FAM-B4148B73,Ramesh Yadav,56,Male,Madhya Pradesh,Ranchi,Nandigramtola112,Warli,ST,29,True,4222-3949-7240,1.28,Habitation,Individual Forest Right,0.833,0.737,0.212,False,2025-09-11,Pending - Gram Sabha,2025-10-07
FRA-2025-000036,FAM-CC22EBC8,Geeta Singh,41,Female,Madhya Pradesh,Koraput,Basantpurgaon77,Munda,OTFD,96,False,5860-6643-2073,1.17,Grazing,Individual Forest Right,0.836,0.88,0.239,False,2025-05-08,Approved,2025-06-03
FRA-2025-000039,FAM-9D79FC2B,Geeta Singh,62,Female,Tripura,Kandhamal,Jagannathpurnagar35,Kondh,ST,40,True,3667-8774-3452,1.43,Agricultural,Individual Forest Right,0.67,0.538,0.001,False,2025-08-10,Pending - Gram Sabha,2025-08-26
FRA-2025-000040,FAM-03F699F1,Seeta Sharma,29,Female,Madhya Pradesh,Kandhamal,Devgaongaon32,Munda,ST,28,True,4257-2657-7949,2.77,Community Forest Resource,Community Forest Right,0.629,0.583,0.123,False,2025-05-15,Pending - Gram Sabha,2025-06-02
FRA-2025-000041,FAM-5A1E4ACD,Seeta Sharma,42,Female,Telangana,Bastar,Bhagwanpurpada86,Kondh,ST,28,True,3015-3269-2282,0.82,Water Bodies,Individual Forest Right,0.608,0.882,0.329,False,2025-08-17,Approved,2025-09-21
FRA-2025-000042,FAM-A4487B45,Anita Kumari,62,Female,Tripura,Ranchi,Narsinghpurpada2,Gond,ST,31,True,5521-8381-4271,1.62,Agricultural,Other Traditional Rights,0.732,0.847,0.115,False,2025-01-15,Pending - Gram Sabha,2025-02-01
FRA-2025-000043,FAM-BC5F3E1C,Sunita Devi,50,Female,Odisha,Ranchi,Chandipurtola69,Warli,ST,27,True,8125-8963-7020,1.77,Grazing,Individual Forest Right,0.904,0.602,0.22,False,2025-08-04,Under Review,2025-08-19
FRA-2025-000044,FAM-A4FF432F,Suresh Prasad,44,Male,Odisha,Dantewada,Vikramgarhtola77,Gond,OTFD,90,False,9365-5588-8291,2.77,Habitation,Individual Forest Right,0.887,0.754,0.109,False,2025-04-15,Under Review,2025-05-17
FRA-2025-000046,FAM-831F4AAE,Geeta Singh,46,Female,Tripura,Bastar,Sonaritola132,Munda,ST,45,True,8633-5075-7020,3.5,Grazing,Individual Forest Right,0.898,0.853,0.325,False,2025-03-16,Pending - Gram Sabha,2025-04-30
FRA-2025-000048,FAM-DB635465,Geeta Singh,65,Female,Telangana,Khunti,Chandipurbasti146,Kondh,OTFD,115,False,8022-5548-5158,3.99,Agricultural,Individual Forest Right,0.639,0.817,0.349,False,2025-05-01,Pending - Gram Sabha,2025-05-17
FRA-2025-000050,FAM-61E538D7,Geeta Singh,67,Female,Odisha,Khunti,Devgaonpalli10,Ho,OTFD,119,False,6117-2096-2599,2.05,Community Forest Resource,Other Traditional Rights,0.72,0.981,0.276,False,2025-04-13,Under Review,2025-05-25
FRA-2025-000052,FAM-A6803C7A,Rakesh Sharma,47,Male,Madhya Pradesh,Ranchi,Jagannathpurpalli74,Ho,OTFD,119,False,6757-2985-1952,1.58,Grazing,Individual Forest Right,0.746,0.566,0.364,False,2025-03-07,Under Review,2025-03-26
FRA-2025-000056,FAM-837064EF,Rita Gupta,34,Female,Tripura,Ranchi,Vikramgarhtola132,Warli,OTFD,115,False,1342-8300-9259,2.92,Habitation,Individual Forest Right,0.98,0.928,0.04,False,2025-06-02,Pending - Gram Sabha,2025-06-29
FRA-2025-000057,FAM-1C8FF320,Ramesh Yadav,30,Male,Madhya Pradesh,Ranchi,Sonaritola56,Kondh,ST,4,True,7757-2054-2972,3.25,Habitation,Individual Forest Right,0.906,0.604,0.086,False,2025-03-26,Under Review,2025-05-08
FRA-2025-000060,FAM-0B8DABD3,Ramesh Yadav,70,Male,Telangana,Koraput,Devgaonpada21,Oraon,ST,39,True,3032-2949-2950,1.46,Water Bodies,Individual Forest Right,0.73,0.997,0.212,False,2025-07-04,Pending - Gram Sabha,2025-08-13
FRA-2025-000061,FAM-D5649703,Ramesh Yadav,53,Male,Madhya Pradesh,Bastar,Nandigrampalli70,Warli,OTFD,101,False,2978-6999-1793,1.99,Community Forest Resource,Individual Forest Right,0.661,0.961,0.027,False,2025-07-04,Approved,2025-08-11
FRA-2025-000064,FAM-0F941667,Geeta Singh,47,Female,Odisha,Rayagada,Anandpurtola51,Bhil,ST,5,True,2172-6836-1916,3.11,Habitation,Individual Forest Right,0.781,0.579,0.125,False,2025-02-02,Pending - Gram Sabha,2025-02-21
FRA-2025-000065,FAM-B8C8ADE2,Raman Kumar,42,Male,Telangana,Ranchi,Anandpurgaon42,Warli,ST,39,True,3631-2864-6160,1.25,Water Bodies,Individual Forest Right,0.772,0.642,0.271,False,2025-05-02,Pending - Gram Sabha,2025-05-24
FRA-2025-000067,FAM-FB05C6D6,Sunita Devi,50,Female,Odisha,Bastar,Sonaritola138,Warli,OTFD,80,False,5192-1556-9249,2.98,Grazing,Individual Forest Right,0.762,0.983,0.069,False,2025-06-03,Under Review,2025-07-01
FRA-2025-000068,FAM-B8CCA80C,Ramesh Yadav,62,Male,Tripura,Dantewada,Basantpurpada87,Bhil,OTFD,95,False,3954-2974-8364,3.23,Agricultural,Individual Forest Right,0.646,0.755,0.362,False,2025-03-08,Pending - Gram Sabha,2025-03-26
FRA-2025-000070,FAM-3E4C9B9A,Sunita Devi,55,Female,Telangana,Ranchi,Lakshmipurpada39,Ho,ST,38,True,4905-5896-5568,0.76,Grazing,Individual Forest Right,0.623,0.916,0.031,False,2025-09-13,Approved,2025-10-12
FRA-2025-000071,FAM-18268829,Ramesh Yadav,61,Male,Madhya Pradesh,Kandhamal,Lakshmipurpalli36,Warli,ST,33,True,9533-6808-9341,0.86,Community Forest Resource,Other Traditional Rights,0.634,0.823,0.016,False,2025-09-17,Under Review,2025-10-21
FRA-2025-000072,FAM-6D851BC1,Geeta Singh,49,Female,Tripura,Khunti,Nandigramtola63,Kondh,ST,41,True,7481-3648-4436,0.83,Grazing,Individual Forest Right,0.889,0.828,0.363,False,2025-02-19,Under Review,2025-03-27
FRA-2025-000073,FAM-06CBFCF1,Geeta Singh,66,Female,Tripura,Rayagada,Jagannathpurgaon61,Gond,ST,20,True,5526-8564-2719,2.85,Water Bodies,Individual Forest Right,0.868,0.754,0.007,False,2025-06-25,Approved,2025-07-25
FRA-2025-000076,FAM-6C38F37B,Rita Gupta,58,Female,Tripura,Rayagada,Ambaparabasti72,Santhal,ST,17,True,7809-7077-6493,2.44,Agricultural,Community Forest Right,0.806,0.562,0.034,False,2025-09-05,Under Review,2025-10-16
FRA-2025-000077,FAM-DB66B497,Ramesh Yadav,47,Male,Odisha,Bastar,Bhagwanpurpada17,Bhil,ST,33,True,2980-7739-1470,3.98,Community Forest Resource,Individual Forest Right,0.727,0.55,0.286,False,2025-03-02,Approved,2025-03-26
FRA-2025-000078,FAM-B9A62329,Anita Kumari,70,Female,Telangana,Bastar,Rampurgaon106,Kondh,OTFD,81,False,8878-2407-1258,3.42,Water Bodies,Other Traditional Rights,0.844,0.712,0.31,False,2025-01-08,Approved,2025-02-05
FRA-2025-000079,FAM-50E435EF,Sunita Devi,32,Female,Telangana,Dantewada,Rajpurbasti101,Kondh,OTFD,116,False,3594-5831-1696,1.52,Agricultural,Individual Forest Right,0.696,0.708,0.266,True,2025-06-03,Rejected - Multiple Claims,2025-07-18
FRA-2025-000080,FAM-F49A8C2A,Ramesh Yadav,55,Male,Odisha,Ranchi,Rajpurbasti117,Oraon,ST,17,True,4079-4418-5586,1.71,Agricultural,Community Forest Right,0.894,0.666,0.018,False,2025-03-27,Pending - Gram Sabha,2025-05-05
FRA-2025-000082,FAM-E376CD88,Mahesh Singh,47,Male,Odisha,Khunti,Anandpurpalli121,Oraon,OTFD,93,False,8810-3804-2346,3.61,Grazing,Other Traditional Rights,0.755,0.987,0.198,False,2025-05-26,Pending - Gram Sabha,2025-06-12
FRA-2025-000084,FAM-C7ED04DD,Raman Kumar,67,Male,Tripura,Kandhamal,Sitapurbasti134,Santhal,ST,2,True,4342-1886-6633,0.94,Habitation,Community Forest Right,0.747,0.691,0.227,False,2025-08-12,Pending - Gram Sabha,2025-09-07
FRA-2025-000088,FAM-4F97B116,Seeta Sharma,70,Female,Telangana,Dantewada,Shyampurgaon34,Bhil,ST,37,True,8288-3956-9752,2.75,Grazing,Individual Forest Right,0.807,0.564,0.332,False,2025-03-25,Pending - Gram Sabha,2025-05-09
FRA-2025-000091,FAM-46FCC484,Rita Gupta,65,Female,Odisha,Bastar,Haridaspurtola49,Ho,OTFD,117,False,8230-7974-3155,3.32,Grazing,Individual Forest Right,0.629,0.53,0.176,False,2025-06-20,Approved,2025-07-09
FRA-2025-000094,FAM-677601B8,Seeta Sharma,63,Female,Telangana,Kandhamal,Sundarpurbasti102,Kondh,ST,7,True,3075-7300-2106,3.05,Grazing,Individual Forest Right,0.76,0.785,0.078,False,2025-07-17,Approved,2025-08-15
FRA-2025-000098,FAM-BD004D82,Anita Kumari,68,Female,Madhya Pradesh,Koraput,Anandpurbasti67,Gond,ST,13,True,9336-5936-4613,1.97,Grazing,Individual Forest Right,0.764,0.887,0.368,False,2025-01-23,Pending - Gram Sabha,2025-02-11
FRA-2025-000099,FAM-5B1B6E6D,Seeta Sharma,58,Female,Tripura,Kandhamal,Jagannathpurtola73,Warli,ST,35,True,1303-2975-5056,2.87,Community Forest Resource,Individual Forest Right,0.677,0.623,0.223,False,2025-05-23,Under Review,2025-06-13
FRA-2025-000102,FAM-80708453,Raman Kumar,31,Male,Tripura,Kandhamal,Rampurbasti77,Warli,ST,7,True,4026-7572-2378,1.92,Grazing,Individual Forest Right,0.68,0.982,0.128,False,2025-04-18,Approved,2025-05-26
FRA-2025-000106,FAM-7BC92287,Geeta Singh,69,Female,Madhya Pradesh,Koraput,Sitapurgaon75,Gond,ST,30,True,7042-6634-8464,2.9,Community Forest Resource,Individual Forest Right,0.855,0.97,0.147,False,2025-08-05,Approved,2025-09-03
FRA-2025-000107,FAM-EF89AD5D,Seeta Sharma,69,Female,Telangana,Khunti,Rajpurpalli91,Munda,OTFD,91,False,1055-1884-7581,2.35,Community Forest Resource,Individual Forest Right,0.826,0.531,0.219,False,2025-09-05,Pending - Gram Sabha,2025-09-25
FRA-2025-000108,FAM-8AB66B1D,Sunita Devi,68,Female,Madhya Pradesh,Ranchi,Shyampurbasti64,Warli,ST,6,True,7304-1052-2378,2.09,Water Bodies,Individual Forest Right,0.826,0.779,0.269,False,2025-07-09,Approved,2025-08-19
FRA-2025-000109,FAM-ECD2346C,Rakesh Sharma,29,Male,Odisha,Bastar,Bhagwanpurgaon2,Gond,ST,35,True,1015-6023-2855,0.61,Grazing,Individual Forest Right,0.654,0.821,0.292,False,2025-07-15,Under Review,2025-08-26
FRA-2025-000111,FAM-C81CC0FE,Rita Gupta,49,Female,Madhya Pradesh,Rayagada,Chandipurbasti38,Oraon,OTFD,85,False,2703-1676-3973,0.61,Grazing,Individual Forest Right,0.974,0.945,0.096,True,2025-01-15,Rejected - Multiple Claims,2025-02-18
FRA-2025-000112,FAM-F16EC5AD,Suresh Prasad,27,Male,Tripura,Bastar,Bhagwanpurpalli106,Munda,OTFD,79,False,9914-1094-9606,1.32,Water Bodies,Individual Forest Right,0.839,0.836,0.128,False,2025-09-08,Approved,2025-10-06
FRA-2025-000115,FAM-5BB10E86,Raman Kumar,42,Male,Tripura,Ranchi,Devgaontola5,Kondh,ST,5,True,2024-5252-4454,1.23,Community Forest Resource,Individual Forest Right,0.964,0.606,0.076,False,2025-08-08,Pending - Gram Sabha,2025-09-14
FRA-2025-000117,FAM-38F4F2B2,Mahesh Singh,45,Male,Tripura,Koraput,Sundarpurpalli119,Munda,ST,48,True,7570-6101-5465,2.44,Water Bodies,Individual Forest Right,0.767,0.576,0.132,False,2025-08-18,Approved,2025-09-22
FRA-2025-000118,FAM-7AED7182,Geeta Singh,56,Female,Telangana,Bastar,Devgaonnagar109,Oraon,OTFD,86,False,4584-3815-9604,1.14,Water Bodies,Other Traditional Rights,0.983,0.762,0.336,True,2025-01-25,Rejected - Multiple Claims,2025-02-09
FRA-2025-000120,FAM-A092776F,Sunita Devi,57,Female,Tripura,Khunti,Devgaongaon8,Gond,ST,7,True,4082-8228-2446,1.17,Water Bodies,Individual Forest Right,0.742,0.897,0.032,False,2025-04-23,Under Review,2025-05-15
FRA-2025-000121,FAM-4F54BC77,Raman Kumar,30,Male,Tripura,Bastar,Lakshmipurbasti46,Warli,ST,4,True,3363-7700-1302,2.25,Grazing,Individual Forest Right,0.733,0.989,0.39,False,2025-04-07,Approved,2025-05-20
FRA-2025-000123,FAM-874B8E98,Rita Gupta,46,Female,Tripura,Khunti,Nandigramnagar16,Santhal,ST,45,True,7018-3749-4313,0.69,Grazing,Individual Forest Right,0.63,0.803,0.246,False,2025-01-21,Under Review,2025-02-13
FRA-2025-000129,FAM-78390961,Geeta Singh,32,Female,Madhya Pradesh,Dantewada,Sonarigaon59,Santhal,OTFD,119,False,3446-3532-9103,2.03,Community Forest Resource,Community Forest Right,0.628,0.924,0.318,False,2025-05-08,Approved,2025-05-31
FRA-2025-000130,FAM-0CFD4B43,Seeta Sharma,29,Female,Telangana,Dantewada,Devgaonbasti95,Bhil,OTFD,110,False,3869-2621-7127,0.63,Community Forest Resource,Community Forest Right,0.925,0.797,0.366,False,2025-06-06,Approved,2025-07-11
FRA-2025-000132,FAM-9CC3D8AF,Sunita Devi,43,Female,Tripura,Koraput,Rampurtola82,Santhal,OTFD,98,False,3821-4484-3748,3.24,Water Bodies,Individual Forest Right,0.79,0.719,0.279,False,2025-01-26,Under Review,2025-03-04
FRA-2025-000134,FAM-F5F8564C,Ramesh Yadav,62,Male,Tripura,Bastar,Vikramgarhpalli14,Munda,OTFD,89,False,1681-7220-8689,3.3,Water Bodies,Individual Forest Right,0.73,0.729,0.105,False,2025-06-20,Pending - Gram Sabha,2025-07-17
FRA-2025-000135,FAM-32882DE1,Mahesh Singh,47,Male,Telangana,Dantewada,Sonaripada14,Ho,OTFD,115,False,7609-1033-3056,0.91,Community Forest Resource,Individual Forest Right,0.749,0.571,0.155,False,2025-07-14,Pending - Gram Sabha,2025-08-03
FRA-2025-000136,FAM-A897DAF1,Rakesh Sharma,35,Male,Telangana,Kandhamal,Basantpurpada69,Santhal,ST,21,True,6732-8404-2800,3.83,Grazing,Individual Forest Right,0.926,0.982,0.202,False,2025-08-14,Pending - Gram Sabha,2025-09-20
FRA-2025-000137,FAM-9AFBB53D,Anita Kumari,30,Female,Odisha,Khunti,Narsinghpurbasti7,Munda,OTFD,94,False,3317-6904-7271,2.38,Habitation,Community Forest Right,0.826,0.886,0.198,False,2025-02-09,Pending - Gram Sabha,2025-03-20
FRA-2025-000138,FAM-B79B28E3,Rita Gupta,27,Female,Telangana,Dantewada,Haridaspurpalli25,Bhil,ST,7,True,1220-4612-3163,2.07,Community Forest Resource,Other Traditional Rights,0.635,0.933,0.047,False,2025-06-28,Approved,2025-08-04
FRA-2025-000142,FAM-32112F79,Anita Kumari,52,Female,Madhya Pradesh,Bastar,Devgaonbasti61,Oraon,OTFD,94,False,1678-4160-9042,2.48,Grazing,Community Forest Right,0.958,0.881,0.018,False,2025-01-04,Under Review,2025-02-17
FRA-2025-000143,FAM-AE208E45,Seeta Sharma,25,Female,Tripura,Rayagada,Ambaparapalli114,Santhal,OTFD,117,False,2717-4189-1995,0.83,Community Forest Resource,Individual Forest Right,0.749,0.952,0.066,False,2025-04-14,Under Review,2025-05-19
FRA-2025-000144,FAM-089E66F7,Raman Kumar,38,Male,Telangana,Koraput,Sundarpurpada82,Munda,ST,34,True,4785-4502-2808,2.93,Agricultural,Other Traditional Rights,0.769,0.566,0.028,False,2025-02-04,Pending - Gram Sabha,2025-03-01
FRA-2025-000146,FAM-30EE9F0E,Suresh Prasad,32,Male,Tripura,Kandhamal,Sundarpurnagar109,Oraon,ST,9,True,6269-6165-2058,1.37,Water Bodies,Individual Forest Right,0.843,0.889,0.276,False,2025-05-07,Pending - Gram Sabha,2025-06-07
FRA-2025-000147,FAM-BCDCB6C4,Ramesh Yadav,43,Male,Odisha,Khunti,Shyampurnagar88,Warli,OTFD,100,False,1076-1142-4006,2.73,Agricultural,Individual Forest Right,0.991,0.993,0.374,False,2025-07-12,Pending - Gram Sabha,2025-08-13
FRA-2025-000149,FAM-728B32C1,Mahesh Singh,30,Male,Madhya Pradesh,Khunti,Bhagwanpurpada139,Oraon,ST,26,True,5805-2995-2713,3.05,Habitation,Individual Forest Right,0.634,0.717,0.181,False,2025-03-04,Under Review,2025-03-19
FRA-2025-000152,FAM-452B7EC3,Anita Kumari,36,Female,Odisha,Dantewada,Sonaritola66,Bhil,ST,15,True,9567-3572-1927,3.71,Community Forest Resource,Individual Forest Right,0.631,0.686,0.201,False,2025-04-26,Approved,2025-05-27
FRA-2025-000154,FAM-6934CDCD,Suresh Prasad,25,Male,Tripura,Koraput,Nandigramnagar25,Oraon,ST,41,True,6018-7881-7318,3.16,Grazing,Community Forest Right,0.891,0.552,0.212,False,2025-01-05,Under Review,2025-02-11
FRA-2025-000155,FAM-1DE4F487,Suresh Prasad,58,Male,Tripura,Ranchi,Vikramgarhpalli107,Warli,ST,48,True,8273-5074-2839,0.97,Grazing,Individual Forest Right,0.827,0.717,0.386,False,2025-06-26,Under Review,2025-07-23
FRA-2025-000158,FAM-C88179FA,Ramesh Yadav,53,Male,Madhya Pradesh,Koraput,Vikramgarhbasti122,Gond,OTFD,84,False,7429-1852-4570,3.41,Habitation,Individual Forest Right,0.929,0.686,0.252,False,2025-05-27,Pending - Gram Sabha,2025-06-13
FRA-2025-000159,FAM-749C61B7,Suresh Prasad,66,Male,Telangana,Khunti,Jagannathpurgaon128,Gond,ST,22,True,7124-8156-1736,0.68,Water Bodies,Individual Forest Right,0.89,0.748,0.153,False,2025-04-06,Under Review,2025-04-29
FRA-2025-000160,FAM-A63C6DAF,Raman Kumar,64,Male,Madhya Pradesh,Ranchi,Nandigrambasti110,Warli,ST,27,True,4140-9400-5560,1.48,Habitation,Individual Forest Right,0.857,0.899,0.1,False,2025-01-13,Pending - Gram Sabha,2025-02-22
FRA-2025-000162,FAM-5EE920E5,Suresh Prasad,31,Male,Madhya Pradesh,Ranchi,Narsinghpurnagar106,Ho,OTFD,110,False,5578-3657-7448,1.74,Habitation,Individual Forest Right,0.837,0.903,0.279,False,2025-06-19,Approved,2025-07-22
FRA-2025-000170,FAM-DE0CD619,Rita Gupta,60,Female,Telangana,Rayagada,Vikramgarhpada3,Oraon,ST,1,True,2976-5065-1051,3.38,Water Bodies,Individual Forest Right,0.639,0.603,0.255,False,2025-02-10,Under Review,2025-03-22
FRA-2025-000171,FAM-078AF394,Geeta Singh,30,Female,Tripura,Rayagada,Narsinghpurgaon49,Bhil,ST,24,True,5066-2771-6564,1.42,Grazing,Individual Forest Right,0.935,0.782,0.06,False,2025-02-22,Approved,2025-03-20
FRA-2025-000172,FAM-65F736D6,Rita Gupta,39,Female,Odisha,Khunti,Vikramgarhbasti136,Bhil,OTFD,110,False,3477-1112-7125,1.55,Grazing,Other Traditional Rights,0.886,0.751,0.36,False,2025-03-04,Pending - Gram Sabha,2025-04-18
FRA-2025-000173,FAM-969C71FC,Suresh Prasad,38,Male,Madhya Pradesh,Rayagada,Chandipurpada129,Bhil,OTFD,81,False,7374-1636-8486,3.42,Community Forest Resource,Individual Forest Right,0.891,0.904,0.035,False,2025-06-28,Pending - Gram Sabha,2025-07-21
FRA-2025-000174,FAM-75C0E043,Rakesh Sharma,62,Male,Tripura,Koraput,Sonaripada127,Santhal,ST,10,True,7297-1948-1979,3.25,Water Bodies,Other Traditional Rights,0.951,0.632,0.262,False,2025-01-06,Under Review,2025-01-29
FRA-2025-000176,FAM-35921385,Geeta Singh,42,Female,Tripura,Dantewada,Anandpurpalli149,Gond,ST,13,True,6897-9594-1338,3.09,Water Bodies,Other Traditional Rights,0.928,0.758,0.064,False,2025-07-05,Pending - Gram Sabha,2025-08-13
FRA-2025-000177,FAM-CEAA8752,Suresh Prasad,37,Male,Madhya Pradesh,Khunti,Vikramgarhtola37,Munda,OTFD,78,False,8609-9929-4852,2.97,Community Forest Resource,Individual Forest Right,0.786,0.698,0.369,False,2025-06-16,Approved,2025-07-20
FRA-2025-000179,FAM-BA1E4DDD,Rita Gupta,26,Female,Odisha,Bastar,Sitapurgaon136,Santhal,ST,39,True,1652-5839-7418,2.63,Community Forest Resource,Community Forest Right,0.884,0.638,0.358,False,2025-05-07,Under Review,2025-06-05
FRA-2025-000180,FAM-D7C3C61E,Rita Gupta,31,Female,Odisha,Dantewada,Nandigramtola50,Oraon,ST,36,True,8249-3811-5726,2.19,Community Forest Resource,Other Traditional Rights,0.856,0.931,0.104,False,2025-05-07,Pending - Gram Sabha,2025-05-26
FRA-2025-000181,FAM-56D5F9D5,Raman Kumar,63,Male,Tripura,Ranchi,Sundarpurpalli81,Santhal,ST,47,True,2971-8764-7393,1.41,Grazing,Individual Forest Right,0.895,0.792,0.398,False,2025-04-22,Under Review,2025-05-24
FRA-2025-000186,FAM-458AD899,Raman Kumar,68,Male,Odisha,Ranchi,Bhagwanpurpalli10,Munda,OTFD,90,False,2506-8503-7192,0.86,Water Bodies,Individual Forest Right,0.667,0.912,0.119,False,2025-09-20,Pending - Gram Sabha,2025-10-21
FRA-2025-000190,FAM-AE42A077,Anita Kumari,69,Female,Telangana,Kandhamal,Sitapurpada73,Kondh,ST,1,True,6470-4559-4534,1.02,Agricultural,Community Forest Right,0.63,0.862,0.362,False,2025-05-09,Under Review,2025-06-07
FRA-2025-000193,FAM-7848CB95,Rita Gupta,68,Female,Telangana,Rayagada,Sitapurbasti92,Bhil,ST,50,True,1287-9017-3264,2.19,Grazing,Individual Forest Right,0.765,0.523,0.105,False,2025-09-25,Pending - Gram Sabha,2025-11-02
FRA-2025-000195,FAM-468392FE,Anita Kumari,29,Female,Telangana,Kandhamal,Lakshmipurgaon27,Oraon,ST,18,True,8548-2647-2864,2.43,Grazing,Individual Forest Right,0.694,0.73,0.321,False,2025-08-11,Under Review,2025-08-29
FRA-2025-000196,FAM-E7E867DC,Raman Kumar,50,Male,Tripura,Koraput,Anandpurbasti117,Kondh,OTFD,81,False,9066-6812-8733,2.79,Grazing,Other Traditional Rights,0.745,0.527,0.089,False,2025-08-23,Pending - Gram Sabha,2025-09-28
FRA-2025-000197,FAM-C4D37C92,Sunita Devi,31,Female,Madhya Pradesh,Koraput,Basantpurtola105,Oraon,ST,41,True,2241-4368-9596,1.81,Agricultural,Individual Forest Right,0.666,0.57,0.287,False,2025-05-20,Approved,2025-06-10
FRA-2025-000198,FAM-DC9E345A,Anita Kumari,54,Female,Madhya Pradesh,Ranchi,Ambaparatola146,Gond,ST,49,True,8039-6688-3023,3.2,Grazing,Individual Forest Right,0.836,0.752,0.386,True,2025-01-18,Rejected - Multiple Claims,2025-03-03
FRA-2025-000202,FAM-C1956CB5,Raman Kumar,67,Male,Odisha,Rayagada,Chandipurtola26,Santhal,ST,19,True,8670-3957-7373,2.92,Community Forest Resource,Individual Forest Right,0.816,0.679,0.181,False,2025-09-28,Pending - Gram Sabha,2025-10-20
FRA-2025-000204,FAM-A8E5E2B2,Rita Gupta,59,Female,Madhya Pradesh,Khunti,Vikramgarhgaon137,Munda,OTFD,94,False,8603-1365-5113,1.15,Habitation,Community Forest Right,0.648,0.52,0.112,False,2025-05-01,Approved,2025-05-26
FRA-2025-000206,FAM-97BBF670,Sunita Devi,47,Female,Madhya Pradesh,Rayagada,Chandipurpada140,Oraon,ST,22,True,9824-2271-3895,3.83,Water Bodies,Individual Forest Right,0.999,0.912,0.392,True,2025-06-15,Rejected - Multiple Claims,2025-07-07
FRA-2025-000211,FAM-F3B03FDA,Ramesh Yadav,35,Male,Madhya Pradesh,Rayagada,Anandpurpada82,Bhil,OTFD,110,False,6764-6354-5680,2.87,Community Forest Resource,Other Traditional Rights,0.604,0.937,0.057,True,2025-07-18,Rejected - Multiple Claims,2025-08-19
FRA-2025-000212,FAM-8ECA66C1,Anita Kumari,47,Female,Madhya Pradesh,Bastar,Rampurgaon42,Santhal,OTFD,86,False,1861-7477-7035,1.18,Habitation,Individual Forest Right,0.827,0.527,0.3,False,2025-08-21,Pending - Gram Sabha,2025-09-22
FRA-2025-000213,FAM-9A12C419,Mahesh Singh,31,Male,Madhya Pradesh,Ranchi,Lakshmipurpada93,Warli,ST,22,True,7683-5642-6284,0.85,Water Bodies,Individual Forest Right,0.677,0.743,0.131,False,2025-03-19,Pending - Gram Sabha,2025-04-21
FRA-2025-000214,FAM-D7593D04,Seeta Sharma,35,Female,Odisha,Kandhamal,Anandpurgaon112,Munda,ST,46,True,4693-3157-7540,0.97,Community Forest Resource,Other Traditional Rights,0.785,0.679,0.122,False,2025-02-27,Approved,2025-03-22
FRA-2025-000216,FAM-37691F0C,Anita Kumari,48,Female,Tripura,Rayagada,Devgaonbasti143,Ho,OTFD,84,False,9095-3143-5263,0.82,Community Forest Resource,Individual Forest Right,0.865,0.924,0.323,False,2025-09-05,Approved,2025-10-04
FRA-2025-000217,FAM-2C9C7D6B,Ramesh Yadav,47,Male,Odisha,Rayagada,Haridaspurnagar108,Warli,ST,15,True,5213-9749-3024,1.32,Habitation,Individual Forest Right,0.917,0.694,0.367,False,2025-06-04,Approved,2025-07-11
FRA-2025-000219,FAM-A482D236,Rakesh Sharma,33,Male,Telangana,Rayagada,Anandpurbasti96,Gond,OTFD,108,False,2147-3497-4829,1.15,Community Forest Resource,Individual Forest Right,0.927,0.831,0.166,False,2025-08-22,Approved,2025-09-21
FRA-2025-000220,FAM-37797896,Ramesh Yadav,26,Male,Madhya Pradesh,Koraput,Sundarpurpada104,Santhal,ST,9,True,8391-8186-3097,0.7,Community Forest Resource,Other Traditional Rights,0.807,0.703,0.388,False,2025-05-03,Pending - Gram Sabha,2025-05-24
FRA-2025-000221,FAM-C2DE02F9,Seeta Sharma,35,Female,Madhya Pradesh,Khunti,Narsinghpurtola142,Santhal,ST,38,True,1482-4423-9905,1.09,Community Forest Resource,Other Traditional Rights,0.839,0.534,0.151,False,2025-04-17,Approved,2025-05-29
FRA-2025-000223,FAM-41E3DBA0,Rakesh Sharma,52,Male,Madhya Pradesh,Khunti,Devgaonpada25,Bhil,ST,23,True,9026-1244-5980,1.39,Habitation,Other Traditional Rights,0.634,0.799,0.217,False,2025-01-19,Approved,2025-02-19
FRA-2025-000224,FAM-B1811885,Ramesh Yadav,66,Male,Madhya Pradesh,Ranchi,Sundarpurnagar139,Bhil,ST,24,True,4282-6186-1798,2.78,Community Forest Resource,Individual Forest Right,0.814,0.782,0.245,False,2025-04-14,Under Review,2025-05-16
FRA-2025-000225,FAM-AD136474,Anita Kumari,48,Female,Telangana,Kandhamal,Rajpurpalli99,Oraon,OTFD,101,False,4986-6994-2434,2.06,Habitation,Individual Forest Right,0.803,0.893,0.32,False,2025-01-06,Pending - Gram Sabha,2025-02-02
FRA-2025-000226,FAM-8EF73812,Raman Kumar,34,Male,Telangana,Dantewada,Chandipurnagar69,Gond,OTFD,80,False,7764-7519-2790,0.78,Agricultural,Community Forest Right,0.972,0.7,0.262,False,2025-01-25,Pending - Gram Sabha,2025-03-07
FRA-2025-000227,FAM-70F67874,Seeta Sharma,25,Female,Madhya Pradesh,Khunti,Bhagwanpurpalli119,Ho,ST,13,True,5510-2961-4250,2.94,Water Bodies,Individual Forest Right,0.614,0.62,0.0,False,2025-07-12,Under Review,2025-08-17
FRA-2025-000234,FAM-378475DE,Sunita Devi,25,Female,Madhya Pradesh,Bastar,Vikramgarhnagar107,Gond,ST,21,True,9807-1445-5553,2.42,Habitation,Individual Forest Right,0.983,0.672,0.074,False,2025-06-12,Under Review,2025-07-24
FRA-2025-000237,FAM-2F06F1A0,Geeta Singh,26,Female,Tripura,Koraput,Vikramgarhbasti142,Munda,ST,37,True,8367-4487-7856,1.74,Water Bodies,Individual Forest Right,0.895,0.945,0.152,False,2025-03-28,Pending - Gram Sabha,2025-04-17
FRA-2025-000238,FAM-36F1CBD5,Seeta Sharma,65,Female,Tripura,Khunti,Nandigramtola96,Gond,OTFD,86,False,8712-2290-4347,1.61,Community Forest Resource,Community Forest Right,0.842,0.698,0.355,False,2025-09-15,Under Review,2025-10-13
FRA-2025-000240,FAM-436C1E79,Ramesh Yadav,44,Male,Madhya Pradesh,Rayagada,Rampurgaon18,Ho,OTFD,104,False,4258-9126-2553,3.43,Agricultural,Individual Forest Right,0.743,0.958,0.346,False,2025-05-18,Pending - Gram Sabha,2025-06-16
FRA-2025-000241,FAM-200F4E23,Rakesh Sharma,63,Male,Telangana,Ranchi,Devgaonpalli127,Bhil,ST,34,True,4048-8826-8832,2.19,Habitation,Community Forest Right,0.777,0.683,0.104,False,2025-09-27,Approved,2025-11-05
FRA-2025-000242,FAM-EC6B5CC8,Geeta Singh,55,Female,Odisha,Ranchi,Sonaritola93,Warli,OTFD,95,False,4763-6863-5232,2.59,Agricultural,Individual Forest Right,0.675,0.941,0.175,False,2025-07-27,Pending - Gram Sabha,2025-08-23
FRA-2025-000243,FAM-DFA81066,Ramesh Yadav,65,Male,Madhya Pradesh,Dantewada,Rampurpada112,Ho,ST,19,True,3742-5427-7851,1.16,Agricultural,Individual Forest Right,0.716,0.818,0.247,False,2025-08-07,Pending - Gram Sabha,2025-09-01
FRA-2025-000245,FAM-EEA56AE7,Sunita Devi,34,Female,Odisha,Kandhamal,Nandigrambasti45,Bhil,OTFD,80,False,8199-2263-7694,1.17,Community Forest Resource,Community Forest Right,0.931,0.561,0.307,False,2025-04-24,Under Review,2025-05-10
FRA-2025-000246,FAM-5ED485E5,Rakesh Sharma,67,Male,Madhya Pradesh,Bastar,Jagannathpurpada85,Ho,ST,21,True,5316-6245-1258,0.93,Grazing,Individual Forest Right,0.679,0.944,0.345,False,2025-04-21,Approved,2025-05-19
FRA-2025-000249,FAM-7BD6BBA5,Rita Gupta,69,Female,Telangana,Rayagada,Anandpurnagar15,Santhal,OTFD,110,False,8070-1230-5736,1.46,Water Bodies,Other Traditional Rights,0.822,0.534,0.062,False,2025-09-12,Under Review,2025-10-11
FRA-2025-000252,FAM-24C33049,Raman Kumar,38,Male,Telangana,Khunti,Sitapurpalli133,Warli,ST,41,True,6634-1457-5519,3.38,Agricultural,Community Forest Right,0.706,0.52,0.028,False,2025-09-04,Approved,2025-09-22
FRA-2025-000253,FAM-D357E40C,Anita Kumari,37,Female,Madhya Pradesh,Dantewada,Chandipurpalli11,Santhal,OTFD,111,False,9564-7756-7868,2.86,Grazing,Other Traditional Rights,0.667,0.59,0.161,False,2025-09-20,Approved,2025-10-19
FRA-2025-000258,FAM-42D10317,Mahesh Singh,58,Male,Odisha,Kandhamal,Shyampurpalli116,Santhal,OTFD,96,False,1573-2639-6292,0.68,Grazing,Other Traditional Rights,0.901,0.788,0.036,False,2025-03-05,Under Review,2025-03-30
FRA-2025-000262,FAM-4BAAC1B5,Anita Kumari,59,Female,Madhya Pradesh,Rayagada,Sitapurtola103,Ho,ST,36,True,1874-1712-9853,1.82,Water Bodies,Individual Forest Right,0.668,0.642,0.316,False,2025-08-21,Approved,2025-10-05
FRA-2025-000264,FAM-B3BC7DF2,Rita Gupta,70,Female,Odisha,Koraput,Anandpurbasti16,Ho,ST,22,True,6225-4038-5661,0.56,Community Forest Resource,Individual Forest Right,0.721,0.998,0.391,False,2025-05-13,Approved,2025-06-25
FRA-2025-000265,FAM-EF82FE75,Rakesh Sharma,42,Male,Madhya Pradesh,Rayagada,Haridaspurbasti9,Bhil,OTFD,118,False,7268-5138-9521,2.32,Water Bodies,Other Traditional Rights,0.875,0.709,0.229,False,2025-06-15,Under Review,2025-07-17
FRA-2025-000266,FAM-00E62625,Rakesh Sharma,59,Male,Madhya Pradesh,Khunti,Rajpurgaon98,Ho,ST,45,True,6809-2814-4906,3.98,Habitation,Individual Forest Right,0.826,0.579,0.027,False,2025-02-06,Pending - Gram Sabha,2025-03-03
FRA-2025-000267,FAM-DC55147E,Raman Kumar,45,Male,Tripura,Bastar,Anandpurtola5,Warli,OTFD,116,False,1921-4150-7575,0.87,Habitation,Individual Forest Right,0.994,0.808,0.242,False,2025-04-08,Pending - Gram Sabha,2025-05-14
FRA-2025-000268,FAM-4ED015C2,Ramesh Yadav,33,Male,Telangana,Ranchi,Haridaspurnagar19,Oraon,ST,12,True,8339-6963-1874,0.98,Habitation,Individual Forest Right,0.763,0.984,0.37,False,2025-04-25,Approved,2025-05-16
FRA-2025-000270,FAM-22075961,Rakesh Sharma,31,Male,Telangana,Bastar,Rajpurtola7,Munda,OTFD,109,False,7502-7461-6349,2.45,Water Bodies,Community Forest Right,0.985,0.595,0.176,False,2025-08-06,Under Review,2025-09-03
FRA-2025-000271,FAM-A8F2DE5A,Rakesh Sharma,34,Male,Telangana,Khunti,Rajpurpalli60,Warli,ST,6,True,1015-9860-3200,3.23,Water Bodies,Individual Forest Right,0.765,0.725,0.072,False,2025-04-15,Pending - Gram Sabha,2025-05-02
FRA-2025-000274,FAM-6734F20E,Rita Gupta,25,Female,Telangana,Rayagada,Ambaparapalli34,Warli,ST,30,True,7157-2318-1046,2.6,Agricultural,Individual Forest Right,0.819,0.81,0.223,False,2025-03-05,Approved,2025-03-21
FRA-2025-000284,FAM-06DE72F8,Mahesh Singh,54,Male,Odisha,Koraput,Rampurbasti68,Ho,ST,2,True,7529-1032-3305,1.2,Community Forest Resource,Individual Forest Right,0.728,0.721,0.047,False,2025-02-01,Under Review,2025-03-18
FRA-2025-000286,FAM-C53D7A75,Raman Kumar,49,Male,Odisha,Koraput,Sitapurpalli44,Bhil,OTFD,87,False,8057-8124-5897,1.66,Habitation,Community Forest Right,0.868,0.767,0.389,False,2025-03-03,Under Review,2025-04-13
FRA-2025-000289,FAM-7FD82BAE,Rita Gupta,54,Female,Tripura,Dantewada,Chandipurbasti118,Munda,OTFD,115,False,7867-5387-4364,3.91,Grazing,Individual Forest Right,0.683,0.847,0.172,False,2025-06-18,Pending - Gram Sabha,2025-07-25
FRA-2025-000291,FAM-7C574837,Suresh Prasad,33,Male,Odisha,Khunti,Rajpurpada2,Santhal,OTFD,104,False,2282-7720-2925,2.65,Grazing,Individual Forest Right,0.873,0.658,0.228,False,2025-07-23,Under Review,2025-09-05
FRA-2025-000292,FAM-D219F055,Rakesh Sharma,25,Male,Tripura,Khunti,Sitapurnagar39,Ho,ST,4,True,4726-9390-4107,0.5,Water Bodies,Community Forest Right,0.744,0.931,0.346,False,2025-07-21,Pending - Gram Sabha,2025-08-15
FRA-2025-000293,FAM-8000CE34,Seeta Sharma,52,Female,Madhya Pradesh,Ranchi,Haridaspurbasti98,Warli,OTFD,84,False,5101-1098-9646,3.44,Habitation,Individual Forest Right,0.949,0.563,0.005,False,2025-08-22,Approved,2025-09-19
FRA-2025-000294,FAM-93BBEE65,Raman Kumar,33,Male,Tripura,Khunti,Nandigrambasti109,Bhil,OTFD,115,False,6897-1629-4064,1.98,Grazing,Individual Forest Right,0.69,0.712,0.003,False,2025-04-23,Pending - Gram Sabha,2025-05-24
FRA-2025-000295,FAM-128C11B1,Sunita Devi,27,Female,Telangana,Ranchi,Bhagwanpurtola63,Gond,ST,38,True,2406-1859-2691,3.06,Water Bodies,Other Traditional Rights,0.993,0.889,0.186,True,2025-02-08,Rejected - Multiple Claims,2025-03-10
FRA-2025-000297,FAM-F9F7DE32,Rita Gupta,41,Female,Odisha,Ranchi,Vikramgarhbasti90,Santhal,OTFD,112,False,3807-1202-5194,1.5,Agricultural,Individual Forest Right,0.631,0.892,0.101,False,2025-05-01,Under Review,2025-06-08
FRA-2025-000298,FAM-9026472E,Rakesh Sharma,34,Male,Telangana,Kandhamal,Bhagwanpurgaon38,Ho,ST,45,True,2334-5291-3143,3.3,Agricultural,Individual Forest Right,0.634,0.573,0.374,False,2025-07-25,Under Review,2025-08-21
FRA-2025-000300,FAM-B9F61FEA,Geeta Singh,34,Female,Tripura,Koraput,Anandpurnagar149,Warli,OTFD,100,False,7786-7731-7263,0.84,Water Bodies,Individual Forest Right,0.982,0.716,0.367,False,2025-05-09,Under Review,2025-06-18
FRA-2025-000301,FAM-A43ED1DB,Seeta Sharma,68,Female,Madhya Pradesh,Ranchi,Jagannathpurgaon95,Munda,ST,34,True,9357-4086-8457,2.42,Agricultural,Community Forest Right,0.605,0.549,0.042,False,2025-05-09,Approved,2025-05-30
FRA-2025-000302,FAM-6962BFBF,Raman Kumar,63,Male,Madhya Pradesh,Dantewada,Devgaonnagar38,Gond,ST,46,True,3277-6221-6859,1.82,Water Bodies,Community Forest Right,0.674,0.555,0.074,False,2025-02-21,Pending - Gram Sabha,2025-03-22
FRA-2025-000304,FAM-9B145B91,Sunita Devi,34,Female,Tripura,Rayagada,Chandipurtola133,Gond,ST,29,True,6912-6718-8513,0.76,Water Bodies,Community Forest Right,0.911,0.509,0.199,False,2025-01-22,Approved,2025-02-18
FRA-2025-000305,FAM-E536EDBA,Seeta Sharma,61,Female,Odisha,Dantewada,Rampurtola10,Warli,ST,31,True,5103-2186-3634,2.39,Agricultural,Individual Forest Right,0.876,0.89,0.048,False,2025-06-22,Under Review,2025-07-16
FRA-2025-000307,FAM-9FF9A3BC,Anita Kumari,33,Female,Odisha,Rayagada,Jagannathpurnagar44,Munda,OTFD,107,False,7965-4417-5051,2.75,Grazing,Individual Forest Right,0.934,0.725,0.398,True,2025-01-11,Rejected - Multiple Claims,2025-02-20
FRA-2025-000308,FAM-5E741E8B,Sunita Devi,38,Female,Telangana,Ranchi,Basantpurpalli12,Santhal,OTFD,113,False,6443-1819-2730,3.07,Grazing,Individual Forest Right,0.788,0.959,0.018,False,2025-01-06,Approved,2025-02-10
FRA-2025-000310,FAM-EC3C8F6A,Mahesh Singh,38,Male,Odisha,Dantewada,Haridaspurpada110,Oraon,OTFD,80,False,6122-6724-1383,3.15,Habitation,Individual Forest Right,0.821,0.719,0.37,True,2025-02-26,Rejected - Multiple Claims,2025-04-09
FRA-2025-000311,FAM-DBA3B9F8,Anita Kumari,26,Female,Telangana,Koraput,Ambaparapalli85,Kondh,OTFD,87,False,5755-9174-2786,2.93,Grazing,Individual Forest Right,0.682,0.82,0.209,False,2025-01-20,Approved,2025-02-09
FRA-2025-000312,FAM-9E2B6CF7,Mahesh Singh,47,Male,Tripura,Koraput,Bhagwanpurbasti70,Munda,OTFD,88,False,9568-5069-1699,2.67,Water Bodies,Individual Forest Right,0.786,0.813,0.083,True,2025-02-26,Rejected - Multiple Claims,2025-03-17
FRA-2025-000315,FAM-D6865FD2,Anita Kumari,29,Female,Telangana,Dantewada,Bhagwanpurgaon85,Kondh,OTFD,103,False,8689-7725-6656,1.12,Community Forest Resource,Individual Forest Right,0.888,0.816,0.39,False,2025-01-23,Approved,2025-02-25
FRA-2025-000316,FAM-76E0BEE6,Raman Kumar,54,Male,Telangana,Bastar,Basantpurpada16,Oraon,ST,15,True,7049-2762-7492,2.52,Water Bodies,Other Traditional Rights,0.635,0.928,0.196,False,2025-08-27,Pending - Gram Sabha,2025-09-25
FRA-2025-000318,FAM-5FB766A7,Ramesh Yadav,56,Male,Madhya Pradesh,Koraput,Rampurbasti105,Kondh,ST,45,True,5833-6573-1012,1.75,Habitation,Individual Forest Right,0.636,0.74,0.122,False,2025-01-15,Pending - Gram Sabha,2025-02-13
FRA-2025-000319,FAM-0BBAFF64,Anita Kumari,48,Female,Telangana,Ranchi,Sundarpurpada138,Kondh,OTFD,116,False,3495-5447-4929,2.36,Community Forest Resource,Individual Forest Right,0.708,0.973,0.217,False,2025-02-20,Pending - Gram Sabha,2025-04-04
FRA-2025-000321,FAM-254C1912,Rita Gupta,69,Female,Madhya Pradesh,Khunti,Anandpurpalli30,Munda,ST,21,True,4325-2003-5061,2.88,Community Forest Resource,Individual Forest Right,0.749,0.726,0.201,False,2025-09-22,Under Review,2025-11-02
FRA-2025-000323,FAM-83655FFC,Anita Kumari,38,Female,Odisha,Kandhamal,Sitapurbasti44,Santhal,OTFD,106,False,4528-1246-6332,3.08,Agricultural,Individual Forest Right,0.625,0.936,0.093,False,2025-06-14,Pending - Gram Sabha,2025-07-17
FRA-2025-000324,FAM-91A55CAF,Seeta Sharma,62,Female,Telangana,Bastar,Sonaribasti58,Santhal,ST,20,True,1209-1159-6245,2.19,Community Forest Resource,Community Forest Right,0.619,0.677,0.182,False,2025-09-10,Approved,2025-09-30
FRA-2025-000328,FAM-B2D6C312,Mahesh Singh,37,Male,Odisha,Koraput,Devgaonnagar106,Warli,ST,44,True,5618-6441-4719,1.18,Community Forest Resource,Individual Forest Right,0.805,0.528,0.267,False,2025-07-12,Pending - Gram Sabha,2025-08-08
FRA-2025-000331,FAM-A17A34F5,Suresh Prasad,36,Male,Tripura,Kandhamal,Rampurgaon62,Warli,OTFD,78,False,4481-5804-8586,2.46,Grazing,Individual Forest Right,0.916,0.577,0.12,False,2025-08-04,Pending - Gram Sabha,2025-09-08
FRA-2025-000332,FAM-F72F76F5,Seeta Sharma,36,Female,Telangana,Ranchi,Vikramgarhgaon9,Munda,OTFD,77,False,2185-2107-4244,3.98,Agricultural,Individual Forest Right,0.745,0.74,0.174,False,2025-08-23,Pending - Gram Sabha,2025-10-03
FRA-2025-000333,FAM-D0BDDC10,Mahesh Singh,35,Male,Odisha,Rayagada,Rajpurtola132,Warli,ST,45,True,4182-8190-6202,0.69,Community Forest Resource,Individual Forest Right,0.965,0.678,0.116,False,2025-09-07,Approved,2025-10-16
FRA-2025-000337,FAM-BBD08EDB,Sunita Devi,29,Female,Odisha,Khunti,Bhagwanpurnagar5,Bhil,OTFD,78,False,8918-2855-2286,3.28,Water Bodies,Individual Forest Right,0.788,0.954,0.017,False,2025-02-26,Approved,2025-03-16
FRA-2025-000339,FAM-C10D0CD5,Rakesh Sharma,38,Male,Madhya Pradesh,Kandhamal,Jagannathpurtola51,Kondh,ST,47,True,8527-7163-9556,3.48,Grazing,Individual Forest Right,0.836,0.72,0.383,False,2025-07-14,Under Review,2025-08-04
FRA-2025-000341,FAM-9682E7AA,Geeta Singh,52,Female,Madhya Pradesh,Khunti,Haridaspurgaon13,Warli,ST,44,True,7077-5585-6181,4.0,Grazing,Individual Forest Right,0.759,0.761,0.271,False,2025-07-23,Under Review,2025-08-25
FRA-2025-000342,FAM-9C9535C1,Raman Kumar,48,Male,Madhya Pradesh,Kandhamal,Shyampurnagar32,Bhil,OTFD,83,False,1048-7515-7535,1.47,Water Bodies,Individual Forest Right,0.903,0.9,0.377,False,2025-07-16,Pending - Gram Sabha,2025-08-16
FRA-2025-000344,FAM-72CAD087,Raman Kumar,67,Male,Telangana,Khunti,Ambaparanagar70,Munda,OTFD,94,False,7915-6488-5387,1.42,Community Forest Resource,Community Forest Right,0.816,0.509,0.306,False,2025-07-15,Approved,2025-08-09
FRA-2025-000345,FAM-19DB246B,Seeta Sharma,27,Female,Odisha,Rayagada,Vikramgarhpalli129,Ho,OTFD,86,False,8229-7050-5289,1.59,Grazing,Individual Forest Right,0.644,0.838,0.264,False,2025-08-16,Pending - Gram Sabha,2025-09-17
FRA-2025-000346,FAM-F0D3A00A,Ramesh Yadav,41,Male,Telangana,Dantewada,Ambaparatola74,Oraon,OTFD,94,False,9792-7045-3968,2.57,Habitation,Community Forest Right,0.74,0.871,0.011,False,2025-07-04,Under Review,2025-08-01
FRA-2025-000347,FAM-B2E795CD,Seeta Sharma,47,Female,Odisha,Ranchi,Narsinghpurpalli111,Munda,ST,16,True,1808-3783-6315,3.54,Agricultural,Individual Forest Right,0.608,0.663,0.184,False,2025-09-14,Pending - Gram Sabha,2025-10-07
FRA-2025-000351,FAM-578440CA,Rakesh Sharma,56,Male,Madhya Pradesh,Ranchi,Chandipurpada82,Warli,ST,18,True,2323-7962-1914,2.33,Community Forest Resource,Individual Forest Right,0.696,0.873,0.306,False,2025-06-28,Under Review,2025-08-08
FRA-2025-000355,FAM-EA7E20DF,Geeta Singh,62,Female,Tripura,Khunti,Rampurpalli109,Munda,ST,28,True,4588-1569-6442,1.11,Community Forest Resource,Individual Forest Right,0.702,0.795,0.196,False,2025-06-18,Approved,2025-07-16
FRA-2025-000357,FAM-78BBFC3C,Sunita Devi,59,Female,Madhya Pradesh,Khunti,Sonaritola131,Bhil,ST,1,True,6142-4062-3029,0.82,Habitation,Individual Forest Right,0.944,0.58,0.176,False,2025-07-26,Pending - Gram Sabha,2025-08-11
FRA-2025-000358,FAM-A5E47D5E,Ramesh Yadav,55,Male,Tripura,Khunti,Shyampurnagar37,Bhil,ST,7,True,7026-6792-7014,0.73,Grazing,Individual Forest Right,0.925,0.869,0.181,True,2025-01-21,Rejected - Multiple Claims,2025-02-25
FRA-2025-000359,FAM-290DA52D,Anita Kumari,25,Female,Tripura,Rayagada,Basantpurgaon50,Ho,ST,21,True,2957-8656-8898,1.37,Habitation,Community Forest Right,0.874,0.896,0.128,False,2025-03-09,Pending - Gram Sabha,2025-03-29
FRA-2025-000361,FAM-82DE92B8,Raman Kumar,50,Male,Tripura,Dantewada,Jagannathpurnagar31,Santhal,OTFD,81,False,4086-8622-8243,0.55,Water Bodies,Individual Forest Right,0.968,0.727,0.269,False,2025-04-07,Pending - Gram Sabha,2025-05-22
FRA-2025-000362,FAM-BE878CC1,Geeta Singh,56,Female,Tripura,Rayagada,Haridaspurbasti107,Munda,OTFD,114,False,4634-6478-8824,1.96,Grazing,Community Forest Right,0.612,0.988,0.094,False,2025-06-19,Approved,2025-07-25
FRA-2025-000364,FAM-6BF5FF52,Raman Kumar,41,Male,Tripura,Kandhamal,Sitapurpalli43,Oraon,OTFD,84,False,7143-8940-3571,1.09,Grazing,Other Traditional Rights,0.951,0.566,0.127,False,2025-05-04,Approved,2025-05-29
FRA-2025-000369,FAM-E389FA66,Geeta Singh,63,Female,Odisha,Kandhamal,Basantpurpalli76,Warli,OTFD,96,False,3768-1893-8869,3.31,Community Forest Resource,Individual Forest Right,0.622,0.535,0.381,False,2025-05-06,Under Review,2025-05-28
FRA-2025-000370,FAM-AFD0AFF0,Sunita Devi,26,Female,Madhya Pradesh,Rayagada,Ambaparabasti104,Bhil,OTFD,94,False,3350-5618-9773,2.22,Grazing,Community Forest Right,0.969,0.952,0.241,False,2025-06-17,Approved,2025-07-08
FRA-2025-000371,FAM-FC5CE304,Seeta Sharma,42,Female,Tripura,Koraput,Vikramgarhgaon64,Bhil,ST,24,True,8904-1100-5122,0.83,Water Bodies,Individual Forest Right,0.785,0.612,0.274,False,2025-09-21,Under Review,2025-10-26
FRA-2025-000376,FAM-10553B2E,Suresh Prasad,52,Male,Madhya Pradesh,Koraput,Vikramgarhpada88,Warli,ST,10,True,4222-5267-9694,0.91,Habitation,Community Forest Right,0.778,0.743,0.008,False,2025-04-10,Approved,2025-05-13
FRA-2025-000377,FAM-6EB0BA55,Sunita Devi,46,Female,Odisha,Koraput,Vikramgarhtola126,Bhil,OTFD,102,False,8228-3467-8120,2.21,Grazing,Individual Forest Right,0.89,0.968,0.362,False,2025-01-17,Approved,2025-02-01
FRA-2025-000379,FAM-77CDC43D,Rita Gupta,70,Female,Telangana,Rayagada,Basantpurnagar28,Bhil,ST,27,True,2585-3235-7477,2.68,Community Forest Resource,Individual Forest Right,0.634,0.741,0.069,False,2025-02-26,Under Review,2025-03-26
FRA-2025-000380,FAM-71C3EF2A,Geeta Singh,40,Female,Madhya Pradesh,Dantewada,Sundarpurnagar104,Kondh,OTFD,98,False,9268-1190-8913,1.11,Water Bodies,Individual Forest Right,0.625,0.715,0.247,False,2025-08-09,Approved,2025-09-03
FRA-2025-000383,FAM-0E35895F,Sunita Devi,40,Female,Telangana,Kandhamal,Nandigramgaon100,Santhal,ST,6,True,3146-3051-1287,1.76,Habitation,Individual Forest Right,0.901,0.711,0.091,False,2025-07-15,Under Review,2025-08-29
FRA-2025-000387,FAM-D1F0ED10,Anita Kumari,44,Female,Tripura,Dantewada,Bhagwanpurtola50,Kondh,OTFD,99,False,3260-6670-1311,0.93,Agricultural,Individual Forest Right,0.829,0.503,0.136,False,2025-09-28,Pending - Gram Sabha,2025-11-01
FRA-2025-000389,FAM-E6E306D3,Ramesh Yadav,38,Male,Telangana,Koraput,Rampurpalli133,Bhil,ST,38,True,8091-8593-5661,2.55,Grazing,Other Traditional Rights,0.876,0.974,0.293,False,2025-03-17,Approved,2025-04-05
FRA-2025-000395,FAM-570E1DEB,Mahesh Singh,38,Male,Madhya Pradesh,Khunti,Nandigrambasti62,Warli,ST,6,True,1529-6228-1666,2.56,Grazing,Other Traditional Rights,0.609,0.719,0.166,False,2025-07-09,Under Review,2025-07-26
FRA-2025-000398,FAM-B7D3D992,Sunita Devi,51,Female,Madhya Pradesh,Koraput,Bhagwanpurgaon20,Gond,ST,16,True,3376-9142-3835,2.06,Water Bodies,Individual Forest Right,0.987,0.687,0.394,False,2025-07-18,Pending - Gram Sabha,2025-08-16
FRA-2025-000401,FAM-04932D5C,Raman Kumar,63,Male,Telangana,Koraput,Sitapurtola79,Santhal,ST,27,True,3188-7501-6539,0.78,Agricultural,Individual Forest Right,0.957,0.908,0.178,False,2025-06-13,Under Review,2025-07-03
FRA-2025-000403,FAM-08AC4381,Mahesh Singh,56,Male,Madhya Pradesh,Koraput,Vikramgarhnagar147,Bhil,OTFD,83,False,5423-2133-5319,1.1,Habitation,Individual Forest Right,0.826,0.841,0.226,True,2025-03-24,Rejected - Multiple Claims,2025-04-10
FRA-2025-000404,FAM-38916061,Rakesh Sharma,42,Male,Madhya Pradesh,Khunti,Haridaspurtola121,Kondh,ST,45,True,1201-1961-5646,0.51,Grazing,Individual Forest Right,0.977,0.526,0.376,False,2025-05-04,Under Review,2025-06-09
FRA-2025-000405,FAM-1EB45BB1,Geeta Singh,58,Female,Odisha,Ranchi,Anandpurbasti86,Kondh,ST,18,True,6412-7035-6436,1.61,Grazing,Individual Forest Right,0.633,0.786,0.01,False,2025-07-03,Pending - Gram Sabha,2025-08-16
FRA-2025-000407,FAM-E8F3C5A7,Raman Kumar,63,Male,Telangana,Khunti,Rajpurtola10,Warli,OTFD,113,False,6726-6176-9989,3.71,Grazing,Individual Forest Right,0.939,0.533,0.051,False,2025-01-10,Under Review,2025-02-13
FRA-2025-000408,FAM-138B7E62,Raman Kumar,68,Male,Odisha,Dantewada,Anandpurtola56,Ho,OTFD,100,False,1139-1726-2385,1.32,Water Bodies,Community Forest Right,0.85,0.727,0.186,False,2025-02-11,Pending - Gram Sabha,2025-03-18
FRA-2025-000410,FAM-C132DA81,Suresh Prasad,33,Male,Odisha,Koraput,Ambaparapalli114,Ho,OTFD,113,False,5971-3071-9167,1.59,Water Bodies,Community Forest Right,0.659,0.654,0.137,False,2025-09-19,Approved,2025-10-25
FRA-2025-000411,FAM-1423CDF2,Suresh Prasad,57,Male,Odisha,Bastar,Jagannathpurnagar19,Munda,OTFD,88,False,7415-8638-6592,1.16,Grazing,Individual Forest Right,0.993,0.8,0.132,False,2025-05-14,Under Review,2025-06-08
FRA-2025-000412,FAM-60A52D8C,Sunita Devi,56,Female,Madhya Pradesh,Koraput,Sonarinagar116,Munda,ST,45,True,2586-1146-8817,1.34,Community Forest Resource,Community Forest Right,0.75,0.7,0.33,True,2025-01-03,Rejected - Multiple Claims,2025-01-29
FRA-2025-000413,FAM-E7540293,Suresh Prasad,43,Male,Telangana,Rayagada,Ambaparatola55,Oraon,ST,3,True,7745-9710-6349,1.49,Habitation,Other Traditional Rights,0.888,0.67,0.222,False,2025-03-27,Approved,2025-04-19
FRA-2025-000415,FAM-6F7F6406,Suresh Prasad,37,Male,Tripura,Ranchi,Sundarpurpada114,Oraon,OTFD,114,False,3658-9441-8453,3.17,Water Bodies,Individual Forest Right,0.814,0.895,0.131,True,2025-05-28,Rejected - Multiple Claims,2025-06-16
FRA-2025-000416,FAM-35AF9685,Anita Kumari,30,Female,Telangana,Khunti,Jagannathpurgaon36,Gond,OTFD,86,False,5665-6677-7210,1.81,Water Bodies,Individual Forest Right,0.729,0.687,0.278,False,2025-08-09,Under Review,2025-09-11
FRA-2025-000417,FAM-C1B68AF3,Suresh Prasad,39,Male,Madhya Pradesh,Bastar,Narsinghpurtola35,Bhil,ST,14,True,8368-6759-4610,2.5,Community Forest Resource,Individual Forest Right,0.634,0.876,0.118,False,2025-01-15,Approved,2025-02-15
FRA-2025-000418,FAM-DF899FC4,Seeta Sharma,54,Female,Tripura,Bastar,Sitapurtola11,Warli,OTFD,96,False,9065-7759-9173,1.13,Habitation,Individual Forest Right,0.63,0.951,0.118,False,2025-02-26,Pending - Gram Sabha,2025-03-21
FRA-2025-000422,FAM-E55DBFFD,Geeta Singh,39,Female,Tripura,Bastar,Jagannathpurpalli72,Bhil,ST,49,True,6477-2303-4790,2.55,Water Bodies,Community Forest Right,0.969,0.577,0.381,False,2025-07-13,Pending - Gram Sabha,2025-08-03
FRA-2025-000423,FAM-2FB4292C,Rakesh Sharma,49,Male,Madhya Pradesh,Bastar,Nandigramnagar39,Oraon,OTFD,112,False,4727-1806-3766,1.1,Water Bodies,Individual Forest Right,0.931,0.802,0.011,False,2025-05-07,Under Review,2025-05-29
FRA-2025-000426,FAM-7DB20F32,Mahesh Singh,66,Male,Telangana,Kandhamal,Lakshmipurpada67,Ho,ST,26,True,5715-9300-8169,1.13,Water Bodies,Community Forest Right,0.783,0.955,0.073,False,2025-01-08,Under Review,2025-02-20
FRA-2025-000429,FAM-2086CD1B,Ramesh Yadav,33,Male,Telangana,Khunti,Sundarpurtola49,Santhal,ST,11,True,2612-7988-2201,1.53,Water Bodies,Community Forest Right,0.667,0.836,0.004,False,2025-06-06,Under Review,2025-06-27
FRA-2025-000430,FAM-9997A398,Ramesh Yadav,69,Male,Odisha,Khunti,Vikramgarhpada12,Gond,OTFD,100,False,8452-9239-4631,2.59,Agricultural,Community Forest Right,0.907,0.964,0.15,False,2025-01-14,Approved,2025-01-29
FRA-2025-000434,FAM-D5CE5D7D,Seeta Sharma,57,Female,Madhya Pradesh,Dantewada,Anandpurnagar14,Kondh,OTFD,90,False,2905-1781-7200,1.33,Grazing,Community Forest Right,0.848,0.53,0.15,False,2025-07-07,Approved,2025-08-11
FRA-2025-000436,FAM-19537BAF,Suresh Prasad,63,Male,Tripura,Dantewada,Rampurnagar65,Santhal,OTFD,104,False,8309-3094-2048,0.74,Habitation,Individual Forest Right,0.997,0.969,0.05,False,2025-04-08,Pending - Gram Sabha,2025-05-09
FRA-2025-000437,FAM-3364221C,Geeta Singh,35,Female,Madhya Pradesh,Rayagada,Haridaspurnagar91,Santhal,ST,39,True,2729-5611-6550,2.52,Habitation,Individual Forest Right,0.913,0.54,0.389,False,2025-08-15,Approved,2025-09-12
FRA-2025-000438,FAM-34015D64,Anita Kumari,55,Female,Odisha,Khunti,Chandipurgaon75,Bhil,ST,6,True,8294-7649-9549,2.43,Habitation,Individual Forest Right,0.785,0.727,0.15,False,2025-06-05,Approved,2025-07-12
FRA-2025-000439,FAM-58AFAE1C,Suresh Prasad,25,Male,Odisha,Khunti,Devgaontola82,Oraon,ST,32,True,5406-9763-1636,3.9,Community Forest Resource,Individual Forest Right,0.723,0.994,0.028,False,2025-07-19,Approved,2025-08-08
FRA-2025-000440,FAM-1095F3FE,Geeta Singh,47,Female,Telangana,Ranchi,Haridaspurpalli48,Oraon,ST,45,True,6231-4620-3041,3.07,Habitation,Individual Forest Right,0.969,0.681,0.283,True,2025-03-09,Rejected - Multiple Claims,2025-04-12
FRA-2025-000442,FAM-2E72438F,Rita Gupta,59,Female,Tripura,Dantewada,Sitapurtola127,Bhil,ST,49,True,3947-2765-3069,3.35,Community Forest Resource,Community Forest Right,0.972,0.699,0.123,False,2025-01-04,Under Review,2025-01-21
FRA-2025-000444,FAM-BF4DE257,Mahesh Singh,51,Male,Telangana,Ranchi,Ambaparatola70,Gond,ST,41,True,9124-6488-3437,0.8,Agricultural,Individual Forest Right,0.737,0.793,0.191,False,2025-01-02,Approved,2025-01-25
FRA-2025-000446,FAM-585EE747,Seeta Sharma,64,Female,Odisha,Kandhamal,Rampurbasti70,Gond,OTFD,76,False,3834-6842-5184,0.59,Agricultural,Other Traditional Rights,0.712,0.85,0.326,False,2025-08-17,Pending - Gram Sabha,2025-09-14
FRA-2025-000448,FAM-EE4A74CB,Suresh Prasad,58,Male,Odisha,Rayagada,Haridaspurpada134,Gond,ST,20,True,7145-9229-4804,3.64,Agricultural,Individual Forest Right,0.816,0.622,0.068,False,2025-02-04,Pending - Gram Sabha,2025-03-04
FRA-2025-000449,FAM-BBEE9E9F,Suresh Prasad,45,Male,Tripura,Khunti,Sitapurtola77,Munda,OTFD,92,False,3907-1885-1037,3.73,Grazing,Individual Forest Right,0.877,0.936,0.373,False,2025-02-21,Pending - Gram Sabha,2025-03-18
FRA-2025-000450,FAM-7A9FD77D,Rita Gupta,52,Female,Madhya Pradesh,Rayagada,Narsinghpurpada1,Gond,ST,19,True,2596-1084-3064,1.69,Water Bodies,Other Traditional Rights,0.898,0.558,0.147,False,2025-01-10,Under Review,2025-01-26
FRA-2025-000452,FAM-854FBC1E,Anita Kumari,67,Female,Odisha,Dantewada,Sitapurpalli87,Ho,ST,33,True,1692-6374-3647,2.71,Habitation,Individual Forest Right,0.882,0.688,0.392,False,2025-04-28,Pending - Gram Sabha,2025-06-05
FRA-2025-000453,FAM-D77A3A3A,Raman Kumar,36,Male,Telangana,Ranchi,Narsinghpurpalli48,Ho,OTFD,118,False,2545-8069-6560,1.87,Grazing,Individual Forest Right,0.996,0.879,0.156,False,2025-05-23,Under Review,2025-07-06
FRA-2025-000455,FAM-66B3E851,Suresh Prasad,49,Male,Tripura,Ranchi,Shyampurpalli94,Kondh,ST,7,True,8962-8997-5191,3.81,Agricultural,Other Traditional Rights,0.86,0.797,0.388,False,2025-04-02,Under Review,2025-04-20
FRA-2025-000457,FAM-F5441F92,Rita Gupta,39,Female,Odisha,Dantewada,Sundarpurtola29,Warli,ST,18,True,4271-9453-7608,2.19,Grazing,Individual Forest Right,0.65,0.663,0.286,False,2025-03-13,Pending - Gram Sabha,2025-04-23
FRA-2025-000458,FAM-C0D5E774,Rita Gupta,59,Female,Telangana,Koraput,Jagannathpurbasti107,Gond,OTFD,89,False,9325-1740-9669,0.52,Grazing,Community Forest Right,0.649,0.564,0.082,False,2025-05-28,Pending - Gram Sabha,2025-07-06
FRA-2025-000460,FAM-F2E5F48A,Rita Gupta,59,Female,Madhya Pradesh,Ranchi,Lakshmipurnagar70,Kondh,ST,16,True,7129-5780-9244,1.55,Habitation,Other Traditional Rights,0.841,0.608,0.144,False,2025-07-03,Pending - Gram Sabha,2025-08-04
FRA-2025-000461,FAM-E915E0D0,Anita Kumari,50,Female,Telangana,Koraput,Vikramgarhpalli64,Bhil,ST,45,True,9785-3457-9276,0.75,Community Forest Resource,Other Traditional Rights,0.879,0.596,0.149,False,2025-03-14,Pending - Gram Sabha,2025-04-24
FRA-2025-000462,FAM-3B7A3E47,Seeta Sharma,26,Female,Madhya Pradesh,Koraput,Jagannathpurpalli127,Gond,ST,35,True,6703-6000-1871,0.73,Agricultural,Individual Forest Right,0.733,0.637,0.348,False,2025-02-13,Approved,2025-03-07
FRA-2025-000466,FAM-E8491BB7,Mahesh Singh,60,Male,Telangana,Khunti,Sonarinagar87,Bhil,ST,44,True,3398-5337-1634,2.24,Water Bodies,Individual Forest Right,0.762,0.808,0.364,False,2025-07-23,Pending - Gram Sabha,2025-08-24
FRA-2025-000467,FAM-B38FF623,Rakesh Sharma,68,Male,Odisha,Dantewada,Shyampurtola41,Santhal,OTFD,119,False,7327-5534-3554,0.76,Habitation,Individual Forest Right,0.981,0.711,0.152,False,2025-06-22,Approved,2025-07-14
FRA-2025-000468,FAM-C4FF5A3A,Mahesh Singh,44,Male,Telangana,Kandhamal,Devgaonbasti102,Munda,OTFD,76,False,7215-5159-9632,3.75,Water Bodies,Community Forest Right,0.614,0.732,0.247,False,2025-01-20,Under Review,2025-02-18
FRA-2025-000472,FAM-BFCEA8A0,Mahesh Singh,50,Male,Tripura,Rayagada,Sundarpurtola35,Gond,OTFD,77,False,5403-2402-6754,2.25,Habitation,Individual Forest Right,0.932,0.715,0.239,True,2025-08-10,Rejected - Multiple Claims,2025-09-03
FRA-2025-000475,FAM-6350964F,Suresh Prasad,46,Male,Tripura,Bastar,Rampurtola137,Bhil,OTFD,117,False,1236-6655-8146,1.44,Community Forest Resource,Other Traditional Rights,0.885,0.623,0.358,False,2025-01-22,Approved,2025-03-01
FRA-2025-000479,FAM-17AD6001,Ramesh Yadav,29,Male,Telangana,Bastar,Narsinghpurbasti134,Kondh,OTFD,86,False,8239-3385-4621,0.66,Water Bodies,Individual Forest Right,0.989,0.595,0.326,False,2025-09-03,Pending - Gram Sabha,2025-09-23
FRA-2025-000480,FAM-A8B8B245,Rita Gupta,49,Female,Tripura,Dantewada,Sitapurbasti1,Munda,ST,12,True,9384-1554-3937,2.57,Agricultural,Other Traditional Rights,0.916,0.728,0.283,False,2025-04-10,Under Review,2025-05-17
FRA-2025-000481,FAM-F11A5163,Suresh Prasad,39,Male,Odisha,Dantewada,Narsinghpurtola53,Ho,ST,3,True,8453-2193-1742,1.45,Agricultural,Individual Forest Right,0.7,0.912,0.214,True,2025-06-21,Rejected - Multiple Claims,2025-07-25
FRA-2025-000484,FAM-2D154219,Ramesh Yadav,36,Male,Telangana,Rayagada,Lakshmipurpada149,Munda,OTFD,112,False,9440-8367-9619,0.57,Habitation,Other Traditional Rights,0.927,0.844,0.075,False,2025-04-15,Under Review,2025-05-29
FRA-2025-000490,FAM-502F8FFB,Mahesh Singh,34,Male,Tripura,Bastar,Anandpurtola140,Warli,OTFD,80,False,2376-2122-2112,1.01,Community Forest Resource,Other Traditional Rights,0.673,0.693,0.128,False,2025-07-20,Pending - Gram Sabha,2025-08-29
FRA-2025-000491,FAM-26B67213,Suresh Prasad,49,Male,Tripura,Dantewada,Rampurnagar14,Warli,OTFD,110,False,7803-9098-9916,0.79,Grazing,Individual Forest Right,0.911,0.906,0.088,True,2025-06-01,Rejected - Multiple Claims,2025-06-22
FRA-2025-000492,FAM-414DB57F,Mahesh Singh,60,Male,Telangana,Rayagada,Nandigramgaon148,Kondh,OTFD,98,False,8467-4733-6601,2.11,Water Bodies,Other Traditional Rights,0.965,0.621,0.331,True,2025-03-04,Rejected - Multiple Claims,2025-04-18
FRA-2025-000493,FAM-6A5BD06F,Ramesh Yadav,26,Male,Tripura,Kandhamal,Rajpurpalli65,Gond,OTFD,118,False,7913-3236-4053,0.61,Community Forest Resource,Individual Forest Right,0.698,0.506,0.332,False,2025-08-24,Approved,2025-09-12
FRA-2025-000497,FAM-8ED2030E,Raman Kumar,38,Male,Odisha,Khunti,Rampurpalli24,Munda,ST,36,True,7450-1129-5791,1.44,Water Bodies,Individual Forest Right,0.825,0.895,0.018,False,2025-01-12,Under Review,2025-02-20
